tiempo,x,y,vx,vy
0.0,0.0,0.0,50.0,30.0
0.01,0.5,0.2995095,50.0,29.9019
0.02,1.0,0.598038,50.0,29.8038
0.03,1.5,0.8955854999999999,50.0,29.7057
0.04,2.0,1.1921519999999999,50.0,29.6076
0.05,2.5,1.4877375,50.0,29.5095
0.06,3.0,1.7823419999999999,50.0,29.4114
0.07,3.5000000000000004,2.0759655,50.0,29.313299999999998
0.08,4.0,2.368608,50.0,29.2152
0.09,4.5,2.6602694999999996,50.0,29.1171
0.1,5.0,2.95095,50.0,29.019
0.11,5.5,3.2406495,50.0,28.9209
0.12,6.0,3.529368,50.0,28.8228
0.13,6.5,3.8171055000000003,50.0,28.7247
0.14,7.000000000000001,4.103862,50.0,28.6266
0.15,7.5,4.3896375,50.0,28.5285
0.16,8.0,4.6744319999999995,50.0,28.4304
0.17,8.5,4.9582455,50.0,28.3323
0.18,9.0,5.241078,50.0,28.2342
0.19,9.5,5.5229295,50.0,28.1361
0.2,10.0,5.8038,50.0,28.038
0.21,10.5,6.0836895,50.0,27.9399
0.22,11.0,6.362597999999999,50.0,27.8418
0.23,11.5,6.640525500000001,50.0,27.7437
0.24,12.0,6.917471999999999,50.0,27.6456
0.25,12.5,7.1934375,50.0,27.5475
0.26,13.0,7.468422,50.0,27.4494
0.27,13.5,7.742425500000001,50.0,27.3513
0.28,14.000000000000002,8.015448000000001,50.0,27.2532
0.29,14.499999999999998,8.2874895,50.0,27.1551
0.3,15.0,8.55855,50.0,27.057
0.31,15.5,8.8286295,50.0,26.9589
0.32,16.0,9.097728,50.0,26.8608
0.33,16.5,9.3658455,50.0,26.7627
0.34,17.0,9.632982,50.0,26.6646
0.35000000000000003,17.5,9.899137500000002,50.0,26.566499999999998
0.36,18.0,10.164311999999999,50.0,26.4684
0.37,18.5,10.4285055,50.0,26.3703
0.38,19.0,10.691718,50.0,26.272199999999998
0.39,19.5,10.9539495,50.0,26.1741
0.4,20.0,11.2152,50.0,26.076
0.41000000000000003,20.5,11.4754695,50.0,25.977899999999998
0.42,21.0,11.734758,50.0,25.8798
0.43,21.5,11.9930655,50.0,25.7817
0.44,22.0,12.250392,50.0,25.6836
0.45,22.5,12.5067375,50.0,25.5855
0.46,23.0,12.762102,50.0,25.4874
0.47000000000000003,23.5,13.016485500000002,50.0,25.3893
0.48,24.0,13.269887999999998,50.0,25.2912
0.49,24.5,13.522309499999999,50.0,25.1931
0.5,25.0,13.77375,50.0,25.095
0.51,25.5,14.024209500000001,50.0,24.9969
0.52,26.0,14.273688000000002,50.0,24.8988
0.53,26.5,14.5221855,50.0,24.8007
0.54,27.0,14.769702000000002,50.0,24.7026
0.55,27.500000000000004,15.016237499999999,50.0,24.604499999999998
0.56,28.000000000000004,15.261792,50.0,24.5064
0.5700000000000001,28.500000000000004,15.506365500000001,50.0,24.408299999999997
0.58,28.999999999999996,15.749958,50.0,24.310200000000002
0.59,29.5,15.9925695,50.0,24.2121
0.6,30.0,16.2342,50.0,24.114
0.61,30.5,16.4748495,50.0,24.015900000000002
0.62,31.0,16.714518,50.0,23.9178
0.63,31.5,16.9532055,50.0,23.819699999999997
0.64,32.0,17.190911999999997,50.0,23.7216
0.65,32.5,17.4276375,50.0,23.6235
0.66,33.0,17.663382,50.0,23.525399999999998
0.67,33.5,17.898145500000002,50.0,23.4273
0.68,34.0,18.131928000000002,50.0,23.3292
0.6900000000000001,34.5,18.364729500000003,50.0,23.231099999999998
0.7000000000000001,35.0,18.596550000000004,50.0,23.133
0.71,35.5,18.827389499999995,50.0,23.0349
0.72,36.0,19.057247999999998,50.0,22.936799999999998
0.73,36.5,19.286125499999997,50.0,22.8387
0.74,37.0,19.514022,50.0,22.7406
0.75,37.5,19.7409375,50.0,22.6425
0.76,38.0,19.966872000000002,50.0,22.5444
0.77,38.5,20.1918255,50.0,22.4463
0.78,39.0,20.415798000000002,50.0,22.3482
0.79,39.5,20.6387895,50.0,22.2501
0.8,40.0,20.860799999999998,50.0,22.152
0.81,40.5,21.0818295,50.0,22.0539
0.8200000000000001,41.0,21.301878000000002,50.0,21.955799999999996
0.8300000000000001,41.5,21.520945500000003,50.0,21.8577
0.84,42.0,21.739031999999998,50.0,21.7596
0.85,42.5,21.9561375,50.0,21.6615
0.86,43.0,22.172262,50.0,21.5634
0.87,43.5,22.3874055,50.0,21.4653
0.88,44.0,22.601568,50.0,21.367199999999997
0.89,44.5,22.814749499999998,50.0,21.2691
0.9,45.0,23.02695,50.0,21.171
0.91,45.5,23.2381695,50.0,21.072899999999997
0.92,46.0,23.448408,50.0,20.9748
0.93,46.5,23.6576655,50.0,20.8767
0.9400000000000001,47.0,23.865942000000004,50.0,20.778599999999997
0.9500000000000001,47.5,24.073237500000005,50.0,20.6805
0.96,48.0,24.279551999999995,50.0,20.5824
0.97,48.5,24.484885499999997,50.0,20.484299999999998
0.98,49.0,24.689238,50.0,20.386200000000002
0.99,49.5,24.8926095,50.0,20.2881
1.0,50.0,25.095,50.0,20.189999999999998
1.01,50.5,25.2964095,50.0,20.0919
1.02,51.0,25.496838,50.0,19.9938
1.03,51.5,25.696285500000002,50.0,19.895699999999998
1.04,52.0,25.894752000000004,50.0,19.7976
1.05,52.5,26.0922375,50.0,19.6995
1.06,53.0,26.288742,50.0,19.601399999999998
1.07,53.5,26.4842655,50.0,19.5033
1.08,54.0,26.678808000000004,50.0,19.4052
1.09,54.50000000000001,26.8723695,50.0,19.3071
1.1,55.00000000000001,27.06495,50.0,19.208999999999996
1.11,55.50000000000001,27.256549500000002,50.0,19.1109
1.12,56.00000000000001,27.447168,50.0,19.0128
1.1300000000000001,56.50000000000001,27.636805500000005,50.0,18.914699999999996
1.1400000000000001,57.00000000000001,27.825462,50.0,18.816599999999998
1.1500000000000001,57.50000000000001,28.013137500000006,50.0,18.7185
1.16,57.99999999999999,28.199831999999997,50.0,18.6204
1.17,58.5,28.385545499999996,50.0,18.5223
1.18,59.0,28.570278,50.0,18.4242
1.19,59.5,28.754029499999994,50.0,18.3261
1.2,60.0,28.936799999999998,50.0,18.228
1.21,60.5,29.1185895,50.0,18.1299
1.22,61.0,29.299398,50.0,18.0318
1.23,61.5,29.4792255,50.0,17.9337
1.24,62.0,29.658072000000004,50.0,17.8356
1.25,62.5,29.8359375,50.0,17.737499999999997
1.26,63.0,30.012821999999996,50.0,17.6394
1.27,63.5,30.1887255,50.0,17.5413
1.28,64.0,30.363647999999998,50.0,17.443199999999997
1.29,64.5,30.537589500000003,50.0,17.3451
1.3,65.0,30.710549999999998,50.0,17.247
1.31,65.5,30.882529500000004,50.0,17.148899999999998
1.32,66.0,31.053528,50.0,17.0508
1.33,66.5,31.223545500000004,50.0,16.9527
1.34,67.0,31.392582,50.0,16.854599999999998
1.35,67.5,31.5606375,50.0,16.7565
1.36,68.0,31.727712000000004,50.0,16.6584
1.37,68.5,31.8938055,50.0,16.560299999999998
1.3800000000000001,69.0,32.058918000000006,50.0,16.462199999999996
1.3900000000000001,69.5,32.2230495,50.0,16.3641
1.4000000000000001,70.0,32.3862,50.0,16.266
1.41,70.5,32.5483695,50.0,16.1679
1.42,71.0,32.709557999999994,50.0,16.0698
1.43,71.5,32.8697655,50.0,15.9717
1.44,72.0,33.028991999999995,50.0,15.8736
1.45,72.5,33.1872375,50.0,15.7755
1.46,73.0,33.344502,50.0,15.6774
1.47,73.5,33.5007855,50.0,15.5793
1.48,74.0,33.656088,50.0,15.4812
1.49,74.5,33.810409500000006,50.0,15.383099999999999
1.5,75.0,33.96375,50.0,15.285
1.51,75.5,34.11610949999999,50.0,15.1869
1.52,76.0,34.267488,50.0,15.088799999999999
1.53,76.5,34.4178855,50.0,14.990699999999999
1.54,77.0,34.567302000000005,50.0,14.892599999999998
1.55,77.5,34.715737499999996,50.0,14.7945
1.56,78.0,34.863192000000005,50.0,14.696399999999999
1.57,78.5,35.0096655,50.0,14.598299999999998
1.58,79.0,35.155158,50.0,14.500199999999998
1.59,79.5,35.2996695,50.0,14.402099999999999
1.6,80.0,35.4432,50.0,14.303999999999998
1.61,80.5,35.585749500000006,50.0,14.205899999999998
1.62,81.0,35.727318,50.0,14.107799999999997
1.6300000000000001,81.5,35.867905500000006,50.0,14.009699999999999
1.6400000000000001,82.0,36.007512,50.0,13.911599999999996
1.6500000000000001,82.5,36.1461375,50.0,13.813499999999998
1.6600000000000001,83.0,36.283782,50.0,13.715399999999999
1.67,83.5,36.42044549999999,50.0,13.6173
1.68,84.0,36.556128,50.0,13.519200000000001
1.69,84.5,36.69082949999999,50.0,13.4211
1.7,85.0,36.82455,50.0,13.323
1.71,85.5,36.9572895,50.0,13.224899999999998
1.72,86.0,37.089048000000005,50.0,13.1268
1.73,86.5,37.2198255,50.0,13.0287
1.74,87.0,37.349622000000004,50.0,12.930599999999998
1.75,87.5,37.4784375,50.0,12.8325
1.76,88.0,37.606272,50.0,12.734399999999997
1.77,88.5,37.7331255,50.0,12.636299999999999
1.78,89.0,37.858998,50.0,12.5382
1.79,89.5,37.983889500000004,50.0,12.440099999999997
1.8,90.0,38.1078,50.0,12.341999999999999
1.81,90.5,38.2307295,50.0,12.2439
1.82,91.0,38.352678,50.0,12.145799999999998
1.83,91.5,38.4736455,50.0,12.047699999999999
1.84,92.0,38.593632,50.0,11.949599999999997
1.85,92.5,38.7126375,50.0,11.851499999999998
1.86,93.0,38.830662000000004,50.0,11.7534
1.87,93.5,38.9477055,50.0,11.655299999999997
1.8800000000000001,94.0,39.063768,50.0,11.557199999999998
1.8900000000000001,94.5,39.1788495,50.0,11.4591
1.9000000000000001,95.0,39.292950000000005,50.0,11.360999999999997
1.9100000000000001,95.5,39.4060695,50.0,11.262899999999998
1.92,96.0,39.518207999999994,50.0,11.1648
1.93,96.5,39.6293655,50.0,11.0667
1.94,97.0,39.739542,50.0,10.968599999999999
1.95,97.5,39.8487375,50.0,10.8705
1.96,98.0,39.956952,50.0,10.772400000000001
1.97,98.5,40.0641855,50.0,10.674299999999999
1.98,99.0,40.170438,50.0,10.5762
1.99,99.5,40.275709500000005,50.0,10.478099999999998
2.0,100.0,40.379999999999995,50.0,10.379999999999999
2.0100000000000002,100.50000000000001,40.483309500000004,50.0,10.281899999999997
2.02,101.0,40.585638,50.0,10.183799999999998
2.0300000000000002,101.50000000000001,40.686985500000006,50.0,10.085699999999996
2.04,102.0,40.787352,50.0,9.987599999999997
2.05,102.49999999999999,40.886737499999995,50.0,9.889500000000002
2.06,103.0,40.985142,50.0,9.7914
2.07,103.49999999999999,41.082565499999994,50.0,9.6933
2.08,104.0,41.179008,50.0,9.595199999999998
2.09,104.5,41.274469499999995,50.0,9.4971
2.1,105.0,41.36895,50.0,9.398999999999997
2.11,105.5,41.4624495,50.0,9.300899999999999
2.12,106.0,41.554968,50.0,9.202799999999996
2.13,106.5,41.6465055,50.0,9.104700000000001
2.14,107.0,41.737062,50.0,9.006599999999999
2.15,107.5,41.826637500000004,50.0,8.9085
2.16,108.0,41.915232,50.0,8.810399999999998
2.17,108.5,42.00284549999999,50.0,8.712299999999999
2.18,109.00000000000001,42.089478,50.0,8.614199999999997
2.19,109.5,42.1751295,50.0,8.516099999999998
2.2,110.00000000000001,42.2598,50.0,8.417999999999996
2.21,110.5,42.3434895,50.0,8.3199
2.22,111.00000000000001,42.426198,50.0,8.221799999999998
2.23,111.5,42.5079255,50.0,8.1237
2.24,112.00000000000001,42.588672,50.0,8.025599999999997
2.25,112.5,42.668437499999996,50.0,7.927499999999998
2.2600000000000002,113.00000000000001,42.74722200000001,50.0,7.829399999999996
2.27,113.5,42.825025499999995,50.0,7.731299999999997
2.2800000000000002,114.00000000000001,42.901848,50.0,7.633199999999995
2.29,114.5,42.9776895,50.0,7.5351
2.3000000000000003,115.00000000000001,43.05255000000001,50.0,7.436999999999998
2.31,115.5,43.1264295,50.0,7.338899999999999
2.32,115.99999999999999,43.199327999999994,50.0,7.2408
2.33,116.5,43.271245500000006,50.0,7.142699999999998
2.34,117.0,43.342181999999994,50.0,7.044599999999999
2.35,117.5,43.41213749999999,50.0,6.946499999999997
2.36,118.0,43.481111999999996,50.0,6.848400000000002
2.37,118.5,43.54910550000001,50.0,6.750299999999999
2.38,119.0,43.61611799999999,50.0,6.652200000000001
2.39,119.5,43.682149499999994,50.0,6.554099999999998
2.4,120.0,43.7472,50.0,6.4559999999999995
2.41,120.5,43.81126950000001,50.0,6.357899999999997
2.42,121.0,43.874357999999994,50.0,6.2597999999999985
2.43,121.50000000000001,43.9364655,50.0,6.161699999999996
2.44,122.0,43.997592,50.0,6.063600000000001
2.45,122.50000000000001,44.05773749999999,50.0,5.965499999999999
2.46,123.0,44.116901999999996,50.0,5.8674
2.47,123.50000000000001,44.1750855,50.0,5.769299999999998
2.48,124.0,44.232288000000004,50.0,5.671199999999999
2.49,124.50000000000001,44.288509499999996,50.0,5.573099999999997
2.5,125.0,44.34375,50.0,5.474999999999998
2.5100000000000002,125.50000000000001,44.3980095,50.0,5.376899999999996
2.52,126.0,44.45128799999999,50.0,5.278799999999997
2.5300000000000002,126.50000000000001,44.5035855,50.0,5.1806999999999945
2.54,127.0,44.554902,50.0,5.082599999999999
2.5500000000000003,127.50000000000001,44.6052375,50.0,4.984499999999997
2.56,128.0,44.654591999999994,50.0,4.886399999999998
2.57,128.5,44.7029655,50.0,4.7883
2.58,129.0,44.750358,50.0,4.690199999999997
2.59,129.5,44.79676949999999,50.0,4.5920999999999985
2.6,130.0,44.8422,50.0,4.493999999999996
2.61,130.5,44.8866495,50.0,4.395900000000001
2.62,131.0,44.930118,50.0,4.297799999999999
2.63,131.5,44.97260549999999,50.0,4.1997
2.64,132.0,45.014112,50.0,4.101599999999998
2.65,132.5,45.0546375,50.0,4.003499999999999
2.66,133.0,45.094182,50.0,3.9053999999999967
2.67,133.5,45.13274549999999,50.0,3.807299999999998
2.68,134.0,45.170328,50.0,3.7091999999999956
2.69,134.5,45.2069295,50.0,3.6111000000000004
2.7,135.0,45.242549999999994,50.0,3.512999999999998
2.71,135.5,45.27718949999999,50.0,3.4148999999999994
2.72,136.0,45.310848,50.0,3.316799999999997
2.73,136.5,45.343525500000005,50.0,3.2186999999999983
2.74,137.0,45.375221999999994,50.0,3.120599999999996
2.75,137.5,45.4059375,50.0,3.0224999999999973
2.7600000000000002,138.0,45.435672000000004,50.0,2.924399999999995
2.77,138.5,45.46442549999999,50.0,2.8263
2.7800000000000002,139.0,45.492197999999995,50.0,2.7281999999999975
2.79,139.5,45.518989499999996,50.0,2.6300999999999988
2.8000000000000003,140.0,45.5448,50.0,2.5319999999999965
2.81,140.5,45.56962949999999,50.0,2.4338999999999977
2.82,141.0,45.593478,50.0,2.335799999999999
2.83,141.5,45.6163455,50.0,2.2376999999999967
2.84,142.0,45.63823199999999,50.0,2.1396000000000015
2.85,142.5,45.65913749999999,50.0,2.041499999999999
2.86,143.0,45.679062,50.0,1.9434000000000005
2.87,143.5,45.69800550000001,50.0,1.8452999999999982
2.88,144.0,45.71596799999999,50.0,1.7471999999999994
2.89,144.5,45.732949500000004,50.0,1.6490999999999971
2.9,145.0,45.74895,50.0,1.5509999999999984
2.91,145.5,45.7639695,50.0,1.452899999999996
2.92,146.0,45.778008,50.0,1.354800000000001
2.93,146.5,45.791065499999995,50.0,1.2566999999999986
2.94,147.0,45.803142,50.0,1.1585999999999999
2.95,147.5,45.8142375,50.0,1.0604999999999976
2.96,148.0,45.824352,50.0,0.9623999999999988
2.97,148.5,45.833485499999995,50.0,0.8642999999999965
2.98,149.0,45.841638,50.0,0.7661999999999978
2.99,149.5,45.848809499999994,50.0,0.6680999999999955
3.0,150.0,45.855,50.0,0.5700000000000003
3.0100000000000002,150.5,45.860209499999996,50.0,0.471899999999998
3.02,151.0,45.86443799999999,50.0,0.37379999999999924
3.0300000000000002,151.5,45.8676855,50.0,0.27569999999999695
3.04,152.0,45.869952,50.0,0.1775999999999982
3.0500000000000003,152.5,45.8712375,50.0,0.07949999999999591
3.06,153.0,45.871542,50.0,-0.018600000000002836
3.0700000000000003,153.5,45.8708655,50.0,-0.11670000000000513
3.08,154.0,45.86920800000001,50.0,-0.21480000000000388
3.09,154.5,45.86656949999999,50.0,-0.31289999999999907
3.1,155.0,45.86294999999999,50.0,-0.41100000000000136
3.11,155.5,45.8583495,50.0,-0.5091000000000001
3.12,156.0,45.852768000000005,50.0,-0.6072000000000024
3.13,156.5,45.846205499999996,50.0,-0.7053000000000011
3.14,157.0,45.838662,50.0,-0.8034000000000034
3.15,157.5,45.8301375,50.0,-0.9015000000000022
3.16,158.0,45.820632,50.0,-0.9996000000000045
3.17,158.5,45.81014549999999,50.0,-1.0976999999999997
3.18,159.0,45.798677999999995,50.0,-1.195800000000002
3.19,159.5,45.7862295,50.0,-1.2939000000000007
3.2,160.0,45.77279999999999,50.0,-1.392000000000003
3.21,160.5,45.75838949999999,50.0,-1.4901000000000018
3.22,161.0,45.742998,50.0,-1.588200000000004
3.23,161.5,45.726625500000004,50.0,-1.6863000000000028
3.24,162.0,45.70927199999999,50.0,-1.784400000000005
3.25,162.5,45.6909375,50.0,-1.8825000000000003
3.2600000000000002,163.0,45.671622000000006,50.0,-1.9806000000000026
3.27,163.5,45.65132549999999,50.0,-2.078700000000005
3.2800000000000002,164.0,45.630047999999995,50.0,-2.176800000000007
3.29,164.5,45.6077895,50.0,-2.2749000000000024
3.3000000000000003,165.0,45.58455,50.0,-2.3730000000000047
3.31,165.5,45.56032949999999,50.0,-2.4711
3.3200000000000003,166.0,45.535128,50.0,-2.569200000000002
3.33,166.5,45.5089455,50.0,-2.6673000000000044
3.34,167.0,45.48178199999999,50.0,-2.7653999999999996
3.35,167.5,45.4536375,50.0,-2.863500000000002
3.36,168.0,45.424512,50.0,-2.961599999999997
3.37,168.5,45.3944055,50.0,-3.0596999999999994
3.38,169.0,45.36331799999999,50.0,-3.1578000000000017
3.39,169.5,45.3312495,50.0,-3.255900000000004
3.4,170.0,45.2982,50.0,-3.353999999999999
3.41,170.5,45.2641695,50.0,-3.4521000000000015
3.42,171.0,45.229158,50.0,-3.550200000000004
3.43,171.5,45.1931655,50.0,-3.648300000000006
3.44,172.0,45.156192000000004,50.0,-3.7464000000000013
3.45,172.5,45.11823749999999,50.0,-3.8445000000000036
3.46,173.0,45.07930199999999,50.0,-3.9425999999999988
3.47,173.5,45.0393855,50.0,-4.040700000000001
3.48,174.0,44.998488,50.0,-4.138800000000003
3.49,174.5,44.95660949999999,50.0,-4.236900000000006
3.5,175.0,44.91375,50.0,-4.335000000000001
3.5100000000000002,175.5,44.8699095,50.0,-4.433100000000003
3.52,176.0,44.825087999999994,50.0,-4.5312000000000054
3.5300000000000002,176.5,44.77928549999999,50.0,-4.629300000000008
3.54,177.0,44.732502,50.0,-4.727400000000003
3.5500000000000003,177.5,44.6847375,50.0,-4.825500000000005
3.56,178.0,44.635991999999995,50.0,-4.9236
3.5700000000000003,178.5,44.586265499999996,50.0,-5.021700000000003
3.58,179.0,44.535558,50.0,-5.119800000000005
3.59,179.5,44.48386949999999,50.0,-5.2179
3.6,180.0,44.43119999999999,50.0,-5.3160000000000025
3.61,180.5,44.37754949999999,50.0,-5.414099999999998
3.62,181.0,44.322918,50.0,-5.5122
3.63,181.5,44.26730549999999,50.0,-5.610300000000002
3.64,182.0,44.210712,50.0,-5.708400000000005
3.65,182.5,44.1531375,50.0,-5.8065
3.66,183.0,44.094582,50.0,-5.904600000000002
3.67,183.5,44.035045499999995,50.0,-6.002700000000004
3.68,184.0,43.97452799999999,50.0,-6.100800000000007
3.69,184.5,43.91302950000001,50.0,-6.198900000000002
3.7,185.0,43.850549999999984,50.0,-6.297000000000004
3.71,185.5,43.78708949999999,50.0,-6.395099999999999
3.72,186.0,43.72264799999999,50.0,-6.493200000000002
3.73,186.5,43.657225499999996,50.0,-6.591300000000004
3.74,187.0,43.59082199999999,50.0,-6.689400000000006
3.75,187.5,43.5234375,50.0,-6.787500000000001
3.7600000000000002,188.0,43.455072,50.0,-6.885600000000004
3.77,188.5,43.38572549999999,50.0,-6.983699999999999
3.7800000000000002,189.0,43.315398,50.0,-7.081800000000001
3.79,189.5,43.2440895,50.0,-7.1799000000000035
3.8000000000000003,190.0,43.171800000000005,50.0,-7.278000000000006
3.81,190.5,43.0985295,50.0,-7.376100000000001
3.8200000000000003,191.0,43.024277999999995,50.0,-7.474200000000003
3.83,191.5,42.9490455,50.0,-7.572300000000006
3.84,192.0,42.87283199999999,50.0,-7.670400000000001
3.85,192.5,42.795637499999984,50.0,-7.768500000000003
3.86,193.0,42.717462,50.0,-7.866599999999998
3.87,193.5,42.6383055,50.0,-7.964700000000001
3.88,194.0,42.558167999999995,50.0,-8.062800000000003
3.89,194.5,42.47704949999999,50.0,-8.160900000000005
3.9,195.0,42.394949999999994,50.0,-8.259
3.91,195.5,42.3118695,50.0,-8.357100000000003
3.92,196.0,42.227807999999996,50.0,-8.455199999999998
3.93,196.5,42.142765499999996,50.0,-8.5533
3.94,197.0,42.056742,50.0,-8.651400000000002
3.95,197.5,41.969737499999994,50.0,-8.749500000000005
3.96,198.0,41.88175199999999,50.0,-8.8476
3.97,198.5,41.792785499999994,50.0,-8.945700000000002
3.98,199.0,41.702838,50.0,-9.043800000000005
3.99,199.5,41.611909499999996,50.0,-9.141900000000007
4.0,200.0,41.519999999999996,50.0,-9.240000000000002
4.01,200.5,41.4271095,50.0,-9.338099999999997
4.0200000000000005,201.00000000000003,41.333237999999994,50.0,-9.436200000000007
4.03,201.5,41.23838549999998,50.0,-9.534300000000002
4.04,202.0,41.142551999999995,50.0,-9.632400000000004
4.05,202.5,41.0457375,50.0,-9.7305
4.0600000000000005,203.00000000000003,40.947942,50.0,-9.828600000000009
4.07,203.5,40.8491655,50.0,-9.926700000000004
4.08,204.0,40.749408,50.0,-10.024800000000006
4.09,204.5,40.6486695,50.0,-10.122900000000001
4.1,204.99999999999997,40.54694999999998,50.0,-10.220999999999997
4.11,205.50000000000003,40.4442495,50.0,-10.319100000000006
4.12,206.0,40.340568000000005,50.0,-10.417200000000001
4.13,206.5,40.23590549999999,50.0,-10.515300000000003
4.14,206.99999999999997,40.13026199999999,50.0,-10.613399999999999
4.15,207.50000000000003,40.02363749999999,50.0,-10.711500000000008
4.16,208.0,39.916032,50.0,-10.809600000000003
4.17,208.5,39.807445499999986,50.0,-10.907699999999998
4.18,209.0,39.697878,50.0,-11.0058
4.19,209.50000000000003,39.587329499999996,50.0,-11.103900000000003
4.2,210.0,39.47579999999999,50.0,-11.202000000000005
4.21,210.5,39.36328949999999,50.0,-11.3001
4.22,211.0,39.249798,50.0,-11.398200000000003
4.23,211.50000000000003,39.13532549999998,50.0,-11.496300000000005
4.24,212.0,39.01987199999999,50.0,-11.594400000000007
4.25,212.5,38.903437499999995,50.0,-11.692500000000003
4.26,213.0,38.786022,50.0,-11.790599999999998
4.2700000000000005,213.50000000000003,38.6676255,50.0,-11.888700000000007
4.28,214.0,38.548248,50.0,-11.986800000000002
4.29,214.5,38.42788949999999,50.0,-12.084900000000005
4.3,215.0,38.30655,50.0,-12.183
4.3100000000000005,215.50000000000003,38.18422949999999,50.0,-12.28110000000001
4.32,216.0,38.060928000000004,50.0,-12.379200000000004
4.33,216.5,37.93664550000001,50.0,-12.4773
4.34,217.0,37.81138199999998,50.0,-12.575400000000002
4.3500000000000005,217.50000000000003,37.68513750000001,50.0,-12.673500000000004
4.36,218.00000000000003,37.55791199999999,50.0,-12.771600000000007
4.37,218.5,37.42970549999998,50.0,-12.869700000000002
4.38,219.0,37.300518,50.0,-12.967800000000004
4.39,219.49999999999997,37.170349499999986,50.0,-13.0659
4.4,220.00000000000003,37.03919999999998,50.0,-13.164000000000009
4.41,220.5,36.907069500000006,50.0,-13.262100000000004
4.42,221.0,36.77395799999999,50.0,-13.360199999999999
4.43,221.5,36.639865499999985,50.0,-13.458300000000001
4.44,222.00000000000003,36.504791999999995,50.0,-13.556400000000004
4.45,222.5,36.36873749999998,50.0,-13.654500000000006
4.46,223.0,36.231702,50.0,-13.752600000000001
4.47,223.5,36.09368549999999,50.0,-13.850699999999996
4.48,224.00000000000003,35.95468799999999,50.0,-13.948800000000006
4.49,224.5,35.81470949999999,50.0,-14.0469
4.5,225.0,35.67375,50.0,-14.145000000000003
4.51,225.5,35.53180949999998,50.0,-14.243099999999998
4.5200000000000005,226.00000000000003,35.388887999999994,50.0,-14.341200000000008
4.53,226.5,35.2449855,50.0,-14.439300000000003
4.54,227.0,35.10010199999999,50.0,-14.537400000000005
4.55,227.5,34.954237500000005,50.0,-14.6355
4.5600000000000005,228.00000000000003,34.80739199999998,50.0,-14.73360000000001
4.57,228.5,34.659565500000014,50.0,-14.831700000000005
4.58,229.0,34.510757999999996,50.0,-14.9298
4.59,229.5,34.360969499999996,50.0,-15.027900000000002
4.6000000000000005,230.00000000000003,34.2102,50.0,-15.126000000000005
4.61,230.50000000000003,34.058449499999995,50.0,-15.224100000000007
4.62,231.0,33.90571799999999,50.0,-15.322200000000002
4.63,231.5,33.75200550000001,50.0,-15.420300000000005
4.64,231.99999999999997,33.59731199999999,50.0,-15.5184
4.65,232.50000000000003,33.441637499999985,50.0,-15.61650000000001
4.66,233.0,33.284982,50.0,-15.714600000000004
4.67,233.5,33.127345500000004,50.0,-15.8127
4.68,234.0,32.968727999999984,50.0,-15.910800000000002
4.69,234.50000000000003,32.8091295,50.0,-16.008900000000004
4.7,235.0,32.64854999999997,50.0,-16.107000000000006
4.71,235.5,32.48698950000001,50.0,-16.2051
4.72,236.0,32.324448000000004,50.0,-16.303199999999997
4.73,236.50000000000003,32.160925499999976,50.0,-16.401300000000006
4.74,237.0,31.99642200000001,50.0,-16.4994
4.75,237.5,31.83093749999999,50.0,-16.597500000000004
4.76,238.0,31.66447199999999,50.0,-16.6956
4.7700000000000005,238.50000000000003,31.497025499999992,50.0,-16.79370000000001
4.78,239.0,31.328597999999985,50.0,-16.891800000000003
4.79,239.5,31.159189499999982,50.0,-16.989900000000006
4.8,240.0,30.988799999999998,50.0,-17.088
4.8100000000000005,240.50000000000003,30.817429499999974,50.0,-17.18610000000001
4.82,241.0,30.645078000000012,50.0,-17.284200000000006
4.83,241.5,30.471745499999997,50.0,-17.3823
4.84,242.0,30.297431999999986,50.0,-17.480400000000003
4.8500000000000005,242.50000000000003,30.122137500000008,50.0,-17.578500000000005
4.86,243.00000000000003,29.94586199999999,50.0,-17.676600000000008
4.87,243.5,29.76860549999998,50.0,-17.774700000000003
4.88,244.0,29.590367999999998,50.0,-17.872799999999998
4.89,244.49999999999997,29.411149500000008,50.0,-17.9709
4.9,245.00000000000003,29.230949999999964,50.0,-18.069000000000003
4.91,245.5,29.04976950000001,50.0,-18.167100000000005
4.92,246.0,28.86760799999999,50.0,-18.2652
4.93,246.5,28.684465499999988,50.0,-18.363300000000002
4.94,247.00000000000003,28.50034199999999,50.0,-18.461400000000005
4.95,247.5,28.31523749999998,50.0,-18.559500000000007
4.96,248.0,28.129152000000005,50.0,-18.657600000000002
4.97,248.5,27.942085500000005,50.0,-18.755699999999997
4.98,249.00000000000003,27.75403799999998,50.0,-18.853800000000007
4.99,249.5,27.565009500000002,50.0,-18.951900000000002
5.0,250.0,27.375,50.0,-19.050000000000004
5.01,250.5,27.184009499999988,50.0,-19.1481
5.0200000000000005,251.00000000000003,26.992037999999994,50.0,-19.24620000000001
5.03,251.5,26.79908549999999,50.0,-19.344300000000004
5.04,252.0,26.605151999999975,50.0,-19.442400000000006
5.05,252.5,26.410237500000008,50.0,-19.5405
5.0600000000000005,253.00000000000003,26.214341999999988,50.0,-19.63860000000001
5.07,253.5,26.0174655,50.0,-19.736700000000006
5.08,254.0,25.819608000000002,50.0,-19.8348
5.09,254.5,25.620769499999994,50.0,-19.932900000000004
5.1000000000000005,255.00000000000003,25.42094999999999,50.0,-20.031000000000006
5.11,255.50000000000003,25.22014949999999,50.0,-20.129100000000008
5.12,256.0,25.01836799999998,50.0,-20.227200000000003
5.13,256.5,24.815605500000004,50.0,-20.3253
5.14,257.0,24.611862000000002,50.0,-20.4234
5.15,257.5,24.407137499999976,50.0,-20.521500000000003
5.16,258.0,24.201431999999983,50.0,-20.619600000000005
5.17,258.5,23.994745499999993,50.0,-20.7177
5.18,259.0,23.78707799999998,50.0,-20.815800000000003
5.19,259.5,23.5784295,50.0,-20.913900000000005
5.2,260.0,23.368799999999993,50.0,-21.012000000000008
5.21,260.5,23.15818950000002,50.0,-21.110100000000003
5.22,261.0,22.946597999999994,50.0,-21.208199999999998
5.23,261.5,22.734025499999973,50.0,-21.306300000000007
5.24,262.0,22.520471999999984,50.0,-21.404400000000003
5.25,262.5,22.3059375,50.0,-21.502500000000005
5.26,263.0,22.09042199999999,50.0,-21.6006
5.2700000000000005,263.5,21.873925500000013,50.0,-21.69870000000001
5.28,264.0,21.656447999999983,50.0,-21.796800000000005
5.29,264.5,21.437989499999986,50.0,-21.8949
5.3,265.0,21.218549999999993,50.0,-21.993000000000002
5.3100000000000005,265.5,20.998129499999976,50.0,-22.091100000000004
5.32,266.0,20.77672799999999,50.0,-22.189200000000007
5.33,266.5,20.55434550000001,50.0,-22.287300000000002
5.34,267.0,20.330981999999977,50.0,-22.385400000000004
5.3500000000000005,267.5,20.106637500000005,50.0,-22.483500000000006
5.36,268.0,19.88131199999998,50.0,-22.58160000000001
5.37,268.5,19.655005499999987,50.0,-22.679700000000004
5.38,269.0,19.427718,50.0,-22.7778
5.39,269.5,19.199449500000014,50.0,-22.8759
5.4,270.0,18.970199999999977,50.0,-22.974000000000004
5.41,270.5,18.7399695,50.0,-23.072100000000006
5.42,271.0,18.508757999999972,50.0,-23.1702
5.43,271.5,18.276565499999975,50.0,-23.268299999999996
5.44,272.0,18.043391999999983,50.0,-23.366400000000006
5.45,272.5,17.809237499999995,50.0,-23.4645
5.46,273.0,17.57410200000001,50.0,-23.562600000000003
5.47,273.5,17.337985500000002,50.0,-23.6607
5.48,274.0,17.10088799999997,50.0,-23.758800000000008
5.49,274.5,16.862809499999997,50.0,-23.856900000000003
5.5,275.0,16.62375,50.0,-23.955000000000005
5.51,275.5,16.38370949999998,50.0,-24.0531
5.5200000000000005,276.0,16.142687999999993,50.0,-24.15120000000001
5.53,276.5,15.90068549999998,50.0,-24.249300000000005
5.54,277.0,15.657701999999972,50.0,-24.3474
5.55,277.5,15.413737499999996,50.0,-24.445500000000003
5.5600000000000005,278.0,15.168791999999968,50.0,-24.543600000000005
5.57,278.5,14.9228655,50.0,-24.641700000000007
5.58,279.0,14.67595799999998,50.0,-24.739800000000002
5.59,279.5,14.428069499999992,50.0,-24.837900000000005
5.6000000000000005,280.0,14.17919999999998,50.0,-24.936000000000007
5.61,280.5,13.929349499999972,50.0,-25.03410000000001
5.62,281.0,13.678517999999968,50.0,-25.132200000000005
5.63,281.5,13.426705499999997,50.0,-25.2303
5.64,282.0,13.173912000000001,50.0,-25.328400000000002
5.65,282.5,12.920137499999981,50.0,-25.426500000000004
5.66,283.0,12.665381999999994,50.0,-25.524600000000007
5.67,283.5,12.40964550000001,50.0,-25.622700000000002
5.68,284.0,12.152927999999974,50.0,-25.720799999999997
5.69,284.5,11.8952295,50.0,-25.818900000000006
5.7,285.0,11.636549999999971,50.0,-25.917
5.71,285.5,11.376889500000004,50.0,-26.015100000000004
5.72,286.0,11.116248000000013,50.0,-26.1132
5.73,286.5,10.854625499999997,50.0,-26.21130000000001
5.74,287.0,10.592022000000014,50.0,-26.309400000000004
5.75,287.5,10.328437499999978,50.0,-26.407500000000006
5.76,288.0,10.063871999999975,50.0,-26.5056
5.7700000000000005,288.5,9.798325500000004,50.0,-26.60370000000001
5.78,289.0,9.531798000000009,50.0,-26.701800000000006
5.79,289.5,9.26428949999999,50.0,-26.7999
5.8,290.0,8.995800000000003,50.0,-26.898000000000003
5.8100000000000005,290.5,8.726329499999991,50.0,-26.996100000000006
5.82,291.0,8.455877999999984,50.0,-27.094200000000008
5.83,291.5,8.184445499999981,50.0,-27.192300000000003
5.84,292.0,7.912032000000011,50.0,-27.290399999999998
5.8500000000000005,292.5,7.638637500000016,50.0,-27.388500000000008
5.86,293.0,7.364261999999968,50.0,-27.486600000000003
5.87,293.5,7.088905499999953,50.0,-27.584700000000005
5.88,294.0,6.812567999999999,50.0,-27.6828
5.89,294.5,6.535249499999992,50.0,-27.780900000000003
5.9,295.0,6.256949999999989,50.0,-27.879000000000005
5.91,295.5,5.97766949999999,50.0,-27.977100000000007
5.92,296.0,5.697407999999996,50.0,-28.075200000000002
5.93,296.5,5.416165499999977,50.0,-28.173299999999998
5.94,297.0,5.133941999999962,50.0,-28.271400000000007
5.95,297.5,4.85073749999998,50.0,-28.369500000000002
5.96,298.0,4.5665520000000015,50.0,-28.467600000000004
5.97,298.5,4.281385499999999,50.0,-28.5657
5.98,299.0,3.995237999999972,50.0,-28.66380000000001
5.99,299.5,3.7081094999999777,50.0,-28.761900000000004
6.0,300.0,3.4199999999999875,50.0,-28.86
6.01,300.5,3.130909499999973,50.0,-28.9581
6.0200000000000005,301.0,2.8408379999999624,50.0,-29.056200000000004
6.03,301.5,2.5497854999999845,50.0,-29.154300000000006
6.04,302.0,2.257751999999982,50.0,-29.2524
6.05,302.5,1.964737499999984,50.0,-29.350500000000004
6.0600000000000005,303.0,1.67074199999999,50.0,-29.448600000000006
6.07,303.5,1.3757655,50.0,-29.54670000000001
6.08,304.0,1.0798079999999857,50.0,-29.644800000000004
6.09,304.5,0.7828695000000039,50.0,-29.7429
6.1000000000000005,305.0,0.48494999999996935,50.0,-29.841000000000008
6.11,305.5,0.18604949999999576,50.0,-29.939100000000003
6.12,306.0,-0.11383200000000215,50.0,-30.037200000000006
6.13,306.5,-0.4146945000000244,50.0,-30.1353
6.140000000000001,307.0,-0.7165380000000141,50.0,-30.23340000000001
6.15,307.5,-1.0193625000000281,50.0,-30.331500000000005
6.16,308.0,-1.3231679999999812,50.0,-30.429600000000008
6.17,308.5,-1.6279545000000155,50.0,-30.527700000000003
6.18,309.0,-1.9337220000000173,50.0,-30.625799999999998
6.19,309.5,-2.240470500000015,50.0,-30.723900000000008
6.2,310.0,-2.548200000000037,50.0,-30.822000000000003
6.21,310.5,-2.8569104999999695,50.0,-30.920100000000005
6.22,311.0,-3.1666019999999833,50.0,-31.0182
6.23,311.5,-3.4772745000000214,50.0,-31.11630000000001
6.24,312.0,-3.7889279999999985,50.0,-31.214400000000005
6.25,312.5,-4.1015625,50.0,-31.3125
6.26,313.0,-4.415177999999997,50.0,-31.410600000000002
6.2700000000000005,313.5,-4.729774500000019,50.0,-31.508700000000005
6.28,314.0,-5.045352000000008,50.0,-31.606800000000007
6.29,314.5,-5.36191050000005,50.0,-31.704900000000002
6.3,315.0,-5.679450000000003,50.0,-31.803000000000004
6.3100000000000005,315.5,-5.9979705000000365,50.0,-31.901100000000007
6.32,316.0,-6.317472000000009,50.0,-31.99920000000001
6.33,316.5,-6.637954500000006,50.0,-32.097300000000004
6.34,317.0,-6.959418000000028,50.0,-32.1954
6.3500000000000005,317.5,-7.281862500000017,50.0,-32.29350000000001
6.36,318.0,-7.60528800000003,50.0,-32.391600000000004
6.37,318.5,-7.929694500000039,50.0,-32.489700000000006
6.38,319.0,-8.255082000000016,50.0,-32.5878
6.390000000000001,319.5,-8.581450500000017,50.0,-32.68590000000001
6.4,320.0,-8.908800000000042,50.0,-32.784000000000006
6.41,320.5,-9.237130500000006,50.0,-32.8821
6.42,321.0,-9.566442000000023,50.0,-32.9802
6.43,321.5,-9.896734500000008,50.0,-33.0783
6.44,322.0,-10.228008000000017,50.0,-33.17640000000001
6.45,322.5,-10.560262499999993,50.0,-33.2745
6.46,323.0,-10.893497999999994,50.0,-33.372600000000006
6.47,323.5,-11.22771449999999,50.0,-33.4707
6.48,324.0,-11.56291200000004,50.0,-33.56880000000001
6.49,324.5,-11.8990905,50.0,-33.666900000000005
6.5,325.0,-12.236250000000013,50.0,-33.765
6.51,325.5,-12.574390500000021,50.0,-33.8631
6.5200000000000005,326.0,-12.913511999999997,50.0,-33.961200000000005
6.53,326.5,-13.253614500000026,50.0,-34.05930000000001
6.54,327.0,-13.594698000000022,50.0,-34.15740000000001
6.55,327.5,-13.936762499999986,50.0,-34.2555
6.5600000000000005,328.0,-14.279808000000031,50.0,-34.353600000000014
6.57,328.5,-14.623834500000015,50.0,-34.4517
6.58,329.0,-14.968841999999995,50.0,-34.549800000000005
6.59,329.5,-15.314830500000028,50.0,-34.64790000000001
6.6000000000000005,330.0,-15.661800000000028,50.0,-34.74600000000001
6.61,330.5,-16.009750500000024,50.0,-34.84410000000001
6.62,331.0,-16.358682000000044,50.0,-34.9422
6.63,331.5,-16.708594500000004,50.0,-35.0403
6.640000000000001,332.0,-17.059488000000016,50.0,-35.138400000000004
6.65,332.5,-17.411362500000024,50.0,-35.23650000000001
6.66,333.0,-17.764218,50.0,-35.33460000000001
6.67,333.5,-18.118054500000028,50.0,-35.4327
6.68,334.0,-18.472872000000024,50.0,-35.5308
6.69,334.5,-18.828670500000015,50.0,-35.6289
6.7,335.0,-19.185450000000003,50.0,-35.727000000000004
6.71,335.5,-19.543210499999986,50.0,-35.825100000000006
6.72,336.0,-19.901951999999994,50.0,-35.923199999999994
6.73,336.5,-20.261674500000026,50.0,-36.02130000000001
6.74,337.0,-20.622378000000026,50.0,-36.1194
6.75,337.5,-20.98406250000002,50.0,-36.2175
6.76,338.0,-21.346728000000013,50.0,-36.3156
6.7700000000000005,338.5,-21.71037450000003,50.0,-36.413700000000006
6.78,339.0,-22.075002000000012,50.0,-36.51180000000001
6.79,339.5,-22.440610500000048,50.0,-36.60990000000001
6.8,340.0,-22.807199999999995,50.0,-36.708
6.8100000000000005,340.5,-23.17477050000005,50.0,-36.806100000000015
6.82,341.0,-23.543322000000018,50.0,-36.9042
6.83,341.5,-23.91285449999998,50.0,-37.002300000000005
6.84,342.0,-24.283367999999996,50.0,-37.10040000000001
6.8500000000000005,342.5,-24.654862500000007,50.0,-37.19850000000001
6.86,343.0,-25.027338000000015,50.0,-37.29660000000001
6.87,343.5,-25.400794500000018,50.0,-37.3947
6.88,344.0,-25.77523199999999,50.0,-37.4928
6.890000000000001,344.5,-26.150650500000012,50.0,-37.590900000000005
6.9,345.0,-26.52705000000003,50.0,-37.68900000000001
6.91,345.5,-26.904430500000018,50.0,-37.78710000000001
6.92,346.0,-27.28279200000003,50.0,-37.8852
6.93,346.5,-27.662134500000008,50.0,-37.9833
6.94,347.0,-28.04245800000001,50.0,-38.0814
6.95,347.5,-28.42376250000001,50.0,-38.179500000000004
6.96,348.0,-28.806048000000004,50.0,-38.27760000000001
6.97,348.5,-29.189314500000023,50.0,-38.375699999999995
6.98,349.0,-29.573562000000038,50.0,-38.47380000000001
6.99,349.5,-29.95879050000002,50.0,-38.5719
7.0,350.0,-30.345,50.0,-38.67
7.01,350.5,-30.7321905,50.0,-38.768100000000004
7.0200000000000005,351.0,-31.12036200000003,50.0,-38.866200000000006
7.03,351.5,-31.509514500000023,50.0,-38.96430000000001
7.04,352.0,-31.899648000000013,50.0,-39.06240000000001
7.05,352.5,-32.29076250000003,50.0,-39.1605
7.0600000000000005,353.0,-32.68285800000004,50.0,-39.258600000000015
7.07,353.5,-33.07593450000002,50.0,-39.356700000000004
7.08,354.0,-33.46999200000002,50.0,-39.454800000000006
7.09,354.5,-33.86503050000002,50.0,-39.55290000000001
7.1000000000000005,355.0,-34.26105000000004,50.0,-39.65100000000001
7.11,355.5,-34.6580505,50.0,-39.74910000000001
7.12,356.0,-35.056032000000016,50.0,-39.8472
7.13,356.5,-35.4549945,50.0,-39.9453
7.140000000000001,357.0,-35.85493800000003,50.0,-40.043400000000005
7.15,357.5,-36.255862500000035,50.0,-40.14150000000001
7.16,358.0,-36.657768000000004,50.0,-40.23960000000001
7.17,358.5,-37.0606545,50.0,-40.3377
7.18,359.0,-37.46452200000002,50.0,-40.4358
7.19,359.5,-37.86937050000003,50.0,-40.5339
7.2,360.0,-38.27520000000004,50.0,-40.632000000000005
7.21,360.5,-38.68201049999999,50.0,-40.73010000000001
7.22,361.0,-39.08980200000002,50.0,-40.828199999999995
7.23,361.5,-39.498574500000046,50.0,-40.92630000000001
7.24,362.0,-39.90832800000001,50.0,-41.0244
7.25,362.5,-40.31906250000003,50.0,-41.1225
7.26,363.0,-40.730778000000015,50.0,-41.220600000000005
7.2700000000000005,363.5,-41.143474500000025,50.0,-41.31870000000001
7.28,364.0,-41.557152,50.0,-41.41680000000001
7.29,364.5,-41.97181050000006,50.0,-41.5149
7.3,365.0,-42.38745,50.0,-41.613
7.3100000000000005,365.5,-42.80407050000008,50.0,-41.7111
7.32,366.0,-43.22167200000001,50.0,-41.809200000000004
7.33,366.5,-43.6402545,50.0,-41.907300000000006
7.34,367.0,-44.05981800000001,50.0,-42.00540000000001
7.3500000000000005,367.5,-44.48036250000004,50.0,-42.10350000000001
7.36,368.0,-44.90188800000004,50.0,-42.20160000000001
7.37,368.5,-45.32439450000001,50.0,-42.2997
7.38,369.0,-45.747881999999976,50.0,-42.397800000000004
7.390000000000001,369.5,-46.17235050000002,50.0,-42.495900000000006
7.4,370.0,-46.59780000000006,50.0,-42.59400000000001
7.41,370.5,-47.024230500000044,50.0,-42.69210000000001
7.42,371.0,-47.45164200000002,50.0,-42.7902
7.43,371.5,-47.88003450000002,50.0,-42.8883
7.44,372.0,-48.30940800000005,50.0,-42.9864
7.45,372.5,-48.73976250000004,50.0,-43.084500000000006
7.46,373.0,-49.17109800000003,50.0,-43.18260000000001
7.47,373.5,-49.603414500000014,50.0,-43.280699999999996
7.48,374.0,-50.03671200000005,50.0,-43.37880000000001
7.49,374.5,-50.4709905,50.0,-43.4769
7.5,375.0,-50.90625,50.0,-43.575
7.51,375.5,-51.342490500000025,50.0,-43.673100000000005
7.5200000000000005,376.0,-51.77971200000002,50.0,-43.77120000000001
7.53,376.5,-52.217914500000035,50.0,-43.86930000000001
7.54,377.0,-52.65709800000002,50.0,-43.9674
7.55,377.5,-53.0972625,50.0,-44.0655
7.5600000000000005,378.0,-53.538408000000004,50.0,-44.1636
7.57,378.5,-53.98053450000003,50.0,-44.261700000000005
7.58,379.0,-54.423642,50.0,-44.35980000000001
7.59,379.5,-54.86773050000005,50.0,-44.45790000000001
7.6000000000000005,380.0,-55.31280000000001,50.0,-44.55600000000001
7.61,380.5,-55.758850499999994,50.0,-44.654100000000014
7.62,381.0,-56.205882,50.0,-44.7522
7.63,381.5,-56.65389450000001,50.0,-44.850300000000004
7.640000000000001,382.0,-57.102888000000036,50.0,-44.94840000000001
7.65,382.5,-57.55286250000006,50.0,-45.04650000000001
7.66,383.0,-58.003818000000024,50.0,-45.14460000000001
7.67,383.5,-58.45575449999998,50.0,-45.2427
7.68,384.0,-58.908672000000024,50.0,-45.3408
7.69,384.5,-59.36257050000003,50.0,-45.438900000000004
7.7,385.0,-59.817450000000065,50.0,-45.537000000000006
7.71,385.5,-60.27331049999998,50.0,-45.63510000000001
7.72,386.0,-60.730152000000004,50.0,-45.7332
7.73,386.5,-61.187974500000024,50.0,-45.83130000000001
7.74,387.0,-61.64677800000001,50.0,-45.9294
7.75,387.5,-62.106562499999995,50.0,-46.0275
7.76,388.0,-62.567328,50.0,-46.125600000000006
7.7700000000000005,388.5,-63.029074500000036,50.0,-46.22370000000001
7.78,389.0,-63.491802000000035,50.0,-46.32180000000001
7.79,389.5,-63.9555105,50.0,-46.4199
7.8,390.0,-64.42020000000002,50.0,-46.518
7.8100000000000005,390.5,-64.88587050000001,50.0,-46.6161
7.82,391.0,-65.35252200000002,50.0,-46.714200000000005
7.83,391.5,-65.82015450000003,50.0,-46.81230000000001
7.84,392.0,-66.288768,50.0,-46.910399999999996
7.8500000000000005,392.5,-66.75836250000006,50.0,-47.00850000000001
7.86,393.0,-67.22893800000003,50.0,-47.1066
7.87,393.5,-67.70049450000002,50.0,-47.2047
7.88,394.0,-68.173032,50.0,-47.302800000000005
7.890000000000001,394.5,-68.64655050000002,50.0,-47.40090000000001
7.9,395.0,-69.12105000000003,50.0,-47.49900000000001
7.91,395.5,-69.59653050000003,50.0,-47.59710000000001
7.92,396.0,-70.07299200000003,50.0,-47.6952
7.930000000000001,396.50000000000006,-70.55043450000008,50.0,-47.793300000000016
7.94,397.0,-71.02885800000004,50.0,-47.891400000000004
7.95,397.5,-71.5082625,50.0,-47.98950000000001
7.96,398.0,-71.98864800000001,50.0,-48.08760000000001
7.97,398.5,-72.47001450000002,50.0,-48.1857
7.98,399.0,-72.95236200000002,50.0,-48.283800000000014
7.99,399.5,-73.43569050000005,50.0,-48.3819
8.0,400.0,-73.92000000000002,50.0,-48.480000000000004
8.01,400.5,-74.4052905,50.0,-48.578100000000006
8.02,401.0,-74.891562,50.0,-48.676199999999994
8.03,401.49999999999994,-75.37881449999998,50.0,-48.7743
8.040000000000001,402.00000000000006,-75.86704800000004,50.0,-48.87240000000001
8.05,402.50000000000006,-76.35626250000004,50.0,-48.970500000000015
8.06,403.0,-76.8464580000001,50.0,-49.0686
8.07,403.5,-77.33763450000004,50.0,-49.166700000000006
8.08,404.0,-77.82979200000003,50.0,-49.26480000000001
8.09,404.5,-78.32293049999998,50.0,-49.362899999999996
8.1,405.0,-78.81705,50.0,-49.461
8.11,405.5,-79.3121505,50.0,-49.5591
8.120000000000001,406.00000000000006,-79.80823200000003,50.0,-49.65720000000002
8.13,406.50000000000006,-80.30529450000006,50.0,-49.755300000000005
8.14,407.0,-80.80333800000002,50.0,-49.85340000000001
8.15,407.5,-81.30236250000002,50.0,-49.95150000000001
8.16,408.0,-81.802368,50.0,-50.04960000000001
8.17,408.5,-82.30335449999998,50.0,-50.1477
8.18,409.0,-82.80532199999999,50.0,-50.2458
8.19,409.5,-83.30827049999999,50.0,-50.343900000000005
8.2,409.99999999999994,-83.81220000000005,50.0,-50.44199999999999
8.21,410.50000000000006,-84.31711050000007,50.0,-50.54010000000001
8.22,411.00000000000006,-84.82300200000003,50.0,-50.63820000000001
8.23,411.5,-85.32987449999999,50.0,-50.736300000000014
8.24,412.0,-85.837728,50.0,-50.8344
8.25,412.5,-86.3465625,50.0,-50.932500000000005
8.26,413.0,-86.85637800000003,50.0,-51.03060000000001
8.27,413.5,-87.3671745,50.0,-51.128699999999995
8.28,413.99999999999994,-87.87895200000003,50.0,-51.2268
8.290000000000001,414.50000000000006,-88.39171050000013,50.0,-51.324900000000014
8.3,415.00000000000006,-88.90545000000006,50.0,-51.423000000000016
8.31,415.5,-89.4201705000001,50.0,-51.521100000000004
8.32,416.0,-89.93587200000002,50.0,-51.619200000000006
8.33,416.5,-90.45255450000005,50.0,-51.71730000000001
8.34,417.0,-90.97021800000005,50.0,-51.8154
8.35,417.5,-91.48886249999998,50.0,-51.9135
8.36,418.0,-92.00848799999997,50.0,-52.0116
8.370000000000001,418.50000000000006,-92.52909450000004,50.0,-52.10970000000002
8.38,419.00000000000006,-93.05068200000005,50.0,-52.207800000000006
8.39,419.5,-93.57325050000006,50.0,-52.30590000000001
8.4,420.0,-94.09680000000003,50.0,-52.40400000000001
8.41,420.5,-94.6213305,50.0,-52.5021
8.42,421.0,-95.14684200000002,50.0,-52.6002
8.43,421.5,-95.67333450000001,50.0,-52.6983
8.44,422.0,-96.200808,50.0,-52.796400000000006
8.45,422.49999999999994,-96.72926249999998,50.0,-52.894499999999994
8.46,423.00000000000006,-97.2586980000001,50.0,-52.99260000000001
8.47,423.50000000000006,-97.78911450000004,50.0,-53.09070000000001
8.48,424.0,-98.32051200000004,50.0,-53.188800000000015
8.49,424.5,-98.85289050000003,50.0,-53.2869
8.5,425.0,-99.38625000000002,50.0,-53.385000000000005
8.51,425.5,-99.92059049999997,50.0,-53.48310000000001
8.52,426.0,-100.45591199999998,50.0,-53.581199999999995
8.53,426.49999999999994,-100.99221449999999,50.0,-53.6793
8.540000000000001,427.00000000000006,-101.52949800000005,50.0,-53.777400000000014
8.55,427.50000000000006,-102.06776250000007,50.0,-53.87550000000002
8.56,428.0,-102.60700800000001,50.0,-53.973600000000005
8.57,428.5,-103.14723450000002,50.0,-54.07170000000001
8.58,429.0,-103.68844200000001,50.0,-54.16980000000001
8.59,429.5,-104.23063050000002,50.0,-54.2679
8.6,430.0,-104.7738,50.0,-54.366
8.61,430.5,-105.31795050000005,50.0,-54.4641
8.620000000000001,431.00000000000006,-105.86308200000008,50.0,-54.56220000000002
8.63,431.50000000000006,-106.40919450000007,50.0,-54.66030000000001
8.64,432.0,-106.95628800000003,50.0,-54.75840000000001
8.65,432.5,-107.50436250000007,50.0,-54.85650000000001
8.66,433.0,-108.05341799999997,50.0,-54.9546
8.67,433.5,-108.60345449999994,50.0,-55.0527
8.68,434.0,-109.15447200000006,50.0,-55.150800000000004
8.69,434.5,-109.70647050000002,50.0,-55.248900000000006
8.700000000000001,435.00000000000006,-110.25945000000002,50.0,-55.34700000000001
8.71,435.50000000000006,-110.81341050000009,50.0,-55.44510000000001
8.72,436.00000000000006,-111.36835200000007,50.0,-55.54320000000001
8.73,436.5,-111.92427450000002,50.0,-55.641300000000015
8.74,437.0,-112.48117800000006,50.0,-55.7394
8.75,437.5,-113.0390625,50.0,-55.837500000000006
8.76,438.0,-113.59792800000002,50.0,-55.93560000000001
8.77,438.5,-114.15777450000002,50.0,-56.033699999999996
8.78,438.99999999999994,-114.71860200000003,50.0,-56.1318
8.790000000000001,439.50000000000006,-115.28041050000002,50.0,-56.229900000000015
8.8,440.00000000000006,-115.84320000000008,50.0,-56.32800000000002
8.81,440.5,-116.4069705,50.0,-56.426100000000005
8.82,441.0,-116.971722,50.0,-56.52420000000001
8.83,441.5,-117.53745450000008,50.0,-56.62230000000001
8.84,442.0,-118.10416800000002,50.0,-56.7204
8.85,442.5,-118.67186249999997,50.0,-56.8185
8.86,443.0,-119.24053800000002,50.0,-56.9166
8.870000000000001,443.50000000000006,-119.81019450000008,50.0,-57.01470000000002
8.88,444.00000000000006,-120.38083200000005,50.0,-57.11280000000001
8.89,444.5,-120.95245050000005,50.0,-57.21090000000001
8.9,445.0,-121.52505000000008,50.0,-57.30900000000001
8.91,445.5,-122.09863050000007,50.0,-57.4071
8.92,446.0,-122.67319200000003,50.0,-57.5052
8.93,446.5,-123.24873450000007,50.0,-57.603300000000004
8.94,447.0,-123.82525800000002,50.0,-57.70139999999999
8.950000000000001,447.50000000000006,-124.40276250000005,50.0,-57.79950000000001
8.96,448.00000000000006,-124.98124800000005,50.0,-57.89760000000001
8.97,448.50000000000006,-125.56071450000002,50.0,-57.995700000000014
8.98,449.0,-126.14116200000007,50.0,-58.0938
8.99,449.5,-126.72259050000008,50.0,-58.191900000000004
9.0,450.0,-127.305,50.0,-58.290000000000006
9.01,450.5,-127.88839050000001,50.0,-58.38810000000001
9.02,451.0,-128.47276200000005,50.0,-58.4862
9.03,451.49999999999994,-129.0581145,50.0,-58.5843
9.040000000000001,452.00000000000006,-129.64444800000007,50.0,-58.682400000000015
9.05,452.50000000000006,-130.23176250000012,50.0,-58.78050000000002
9.06,453.0,-130.82005800000002,50.0,-58.878600000000006
9.07,453.5,-131.40933450000006,50.0,-58.97670000000001
9.08,454.0,-131.999592,50.0,-59.07480000000001
9.09,454.5,-132.59083050000004,50.0,-59.1729
9.1,455.0,-133.18304999999998,50.0,-59.271
9.11,455.5,-133.77625050000006,50.0,-59.3691
9.120000000000001,456.00000000000006,-134.3704320000001,50.0,-59.46720000000002
9.13,456.50000000000006,-134.9655945,50.0,-59.56530000000001
9.14,457.0,-135.561738,50.0,-59.66340000000001
9.15,457.5,-136.15886250000005,50.0,-59.76150000000001
9.16,458.0,-136.75696800000003,50.0,-59.8596
9.17,458.5,-137.35605449999997,50.0,-59.9577
9.18,459.0,-137.956122,50.0,-60.055800000000005
9.19,459.5,-138.55717049999998,50.0,-60.15389999999999
9.200000000000001,460.00000000000006,-139.15920000000006,50.0,-60.25200000000001
9.21,460.50000000000006,-139.7622105000001,50.0,-60.35010000000001
9.22,461.00000000000006,-140.36620200000004,50.0,-60.448200000000014
9.23,461.5,-140.97117450000002,50.0,-60.5463
9.24,462.0,-141.57712800000002,50.0,-60.644400000000005
9.25,462.5,-142.18406250000004,50.0,-60.74250000000001
9.26,463.0,-142.79197799999997,50.0,-60.84060000000001
9.27,463.5,-143.4008745,50.0,-60.9387
9.28,463.99999999999994,-144.01075200000002,50.0,-61.0368
9.290000000000001,464.50000000000006,-144.6216105000001,50.0,-61.134900000000016
9.3,465.00000000000006,-145.23345000000006,50.0,-61.23300000000002
9.31,465.5,-145.84627050000006,50.0,-61.331100000000006
9.32,466.0,-146.46007200000003,50.0,-61.42920000000001
9.33,466.5,-147.07485450000007,50.0,-61.52730000000001
9.34,467.0,-147.69061799999997,50.0,-61.6254
9.35,467.5,-148.3073625,50.0,-61.7235
9.36,468.0,-148.92508800000002,50.0,-61.821600000000004
9.370000000000001,468.50000000000006,-149.5437945000001,50.0,-61.91970000000002
9.38,469.00000000000006,-150.16348200000004,50.0,-62.01780000000001
9.39,469.5,-150.78415050000007,50.0,-62.11590000000001
9.4,470.0,-151.4058000000001,50.0,-62.21400000000001
9.41,470.5,-152.0284305,50.0,-62.3121
9.42,471.0,-152.652042,50.0,-62.4102
9.43,471.5,-153.2766345,50.0,-62.508300000000006
9.44,472.0,-153.90220799999997,50.0,-62.606399999999994
9.450000000000001,472.50000000000006,-154.52876250000008,50.0,-62.70450000000001
9.46,473.00000000000006,-155.1562980000001,50.0,-62.80260000000001
9.47,473.50000000000006,-155.78481450000004,50.0,-62.900700000000015
9.48,474.0,-156.414312,50.0,-62.9988
9.49,474.5,-157.04479050000003,50.0,-63.096900000000005
9.5,475.0,-157.67625000000004,50.0,-63.19500000000001
9.51,475.5,-158.3086905,50.0,-63.29310000000001
9.52,476.0,-158.942112,50.0,-63.3912
9.53,476.49999999999994,-159.57651450000003,50.0,-63.4893
9.540000000000001,477.00000000000006,-160.21189800000008,50.0,-63.58740000000002
9.55,477.50000000000006,-160.8482625000001,50.0,-63.685500000000005
9.56,478.0,-161.48560800000007,50.0,-63.78360000000001
9.57,478.5,-162.12393450000002,50.0,-63.88170000000001
9.58,479.0,-162.76324200000005,50.0,-63.97980000000001
9.59,479.5,-163.4035305,50.0,-64.0779
9.6,480.0,-164.0448,50.0,-64.176
9.61,480.5,-164.68705050000005,50.0,-64.2741
9.620000000000001,481.00000000000006,-165.33028200000012,50.0,-64.37220000000002
9.63,481.50000000000006,-165.9744945000001,50.0,-64.47030000000001
9.64,482.0,-166.619688,50.0,-64.56840000000001
9.65,482.5,-167.26586250000003,50.0,-64.66650000000001
9.66,483.0,-167.91301800000002,50.0,-64.7646
9.67,483.5,-168.5611545,50.0,-64.8627
9.68,484.0,-169.21027200000003,50.0,-64.9608
9.69,484.5,-169.8603705,50.0,-65.0589
9.700000000000001,485.00000000000006,-170.51145000000002,50.0,-65.15700000000001
9.71,485.50000000000006,-171.16351050000014,50.0,-65.25510000000001
9.72,486.00000000000006,-171.81655200000006,50.0,-65.35320000000002
9.73,486.5,-172.47057450000005,50.0,-65.4513
9.74,487.0,-173.12557800000008,50.0,-65.5494
9.75,487.5,-173.7815625,50.0,-65.64750000000001
9.76,488.0,-174.43852800000002,50.0,-65.7456
9.77,488.5,-175.0964745,50.0,-65.8437
9.78,488.99999999999994,-175.75540199999995,50.0,-65.9418
9.790000000000001,489.50000000000006,-176.41531050000003,50.0,-66.03990000000002
9.8,490.00000000000006,-177.07620000000014,50.0,-66.138
9.81,490.5,-177.73807050000005,50.0,-66.23610000000001
9.82,491.0,-178.40092199999998,50.0,-66.33420000000001
9.83,491.5,-179.06475450000005,50.0,-66.43230000000001
9.84,492.0,-179.72956800000003,50.0,-66.5304
9.85,492.5,-180.39536249999998,50.0,-66.6285
9.86,493.0,-181.062138,50.0,-66.7266
9.870000000000001,493.50000000000006,-181.7298945000001,50.0,-66.82470000000002
9.88,494.00000000000006,-182.39863200000008,50.0,-66.92280000000001
9.89,494.5,-183.06835050000007,50.0,-67.02090000000001
9.9,495.0,-183.73905000000008,50.0,-67.11900000000001
9.91,495.5,-184.4107305,50.0,-67.2171
9.92,496.0,-185.083392,50.0,-67.3152
9.93,496.5,-185.75703450000003,50.0,-67.4133
9.94,497.0,-186.43165799999997,50.0,-67.5114
9.950000000000001,497.50000000000006,-187.1072625000001,50.0,-67.60950000000001
9.96,498.00000000000006,-187.7838480000001,50.0,-67.70760000000001
9.97,498.50000000000006,-188.46141450000005,50.0,-67.80570000000002
9.98,499.0,-189.13996200000003,50.0,-67.9038
9.99,499.5,-189.81949050000003,50.0,-68.0019
10.0,500.0,-190.5,50.0,-68.10000000000001
